"exposure","mediator","outcome","variable","zvalue","pvalue","lower95_tzrobust","upper95_tzrobust"
"PRS_T2D_Child_SexStratified_CBH2226HOIR_CplusT","AC32minusAC19_z","Perceptual.reasoning.composite.score_z","cde",-1.99604273450366,0.00439064592684383,-3.80519501831127,0.114732950768836
"PRS_T2D_Child_SexStratified_CBH2226HOIR_CplusT","AC32minusAC19_z","Perceptual.reasoning.composite.score_z","pnde",-2.74521448179435,0.0164029470155008,-3.83991138957201,0.0800165795080945
"PRS_T2D_Child_SexStratified_CBH2226HOIR_CplusT","AC32minusAC19_z","Perceptual.reasoning.composite.score_z","tnie",0.344424116108195,0.494062966978092,-0.570102619658917,3.34982534942119
"PRS_T2D_Child_SexStratified_CBH2226HOIR_CplusT","AC32minusAC19_z","Perceptual.reasoning.composite.score_z","tnde",-2.29369527497111,0.0213537345651189,-3.94327213543654,-0.0233441663564294
"PRS_T2D_Child_SexStratified_CBH2226HOIR_CplusT","AC32minusAC19_z","Perceptual.reasoning.composite.score_z","pnie",0.682445994126071,0.769617412584593,-1.18321373264298,2.73671423643713
"PRS_T2D_Child_SexStratified_CBH2226HOIR_CplusT","AC32minusAC19_z","Perceptual.reasoning.composite.score_z","te",-1.92516915267567,0.021539105002642,-3.88507841211917,0.0348495569609407
"PRS_T2D_Child_SexStratified_CGL2226FAST_CplusT","AC32minusAC19_z","Perceptual.reasoning.composite.score_z","cde",-2.97879162643991,0.00284171249541113,-5.01354012174892,-1.09361215266881
"PRS_T2D_Child_SexStratified_CGL2226FAST_CplusT","AC32minusAC19_z","Perceptual.reasoning.composite.score_z","pnde",-3.41786176190489,-0.00465631157714543,-4.9481156580308,-1.0281876889507
"PRS_T2D_Child_SexStratified_CGL2226FAST_CplusT","AC32minusAC19_z","Perceptual.reasoning.composite.score_z","tnie",0.170797305204227,0.603002776427062,-1.09118091288029,2.82874705619982
"PRS_T2D_Child_SexStratified_CGL2226FAST_CplusT","AC32minusAC19_z","Perceptual.reasoning.composite.score_z","tnde",-3.35036420528303,0.00379619612844777,-4.76957854985189,-0.849650580771788
"PRS_T2D_Child_SexStratified_CGL2226FAST_CplusT","AC32minusAC19_z","Perceptual.reasoning.composite.score_z","pnie",1.00157605443431,0.518424304522846,-0.682510015132217,3.23741795394789
"PRS_T2D_Child_SexStratified_CGL2226FAST_CplusT","AC32minusAC19_z","Perceptual.reasoning.composite.score_z","te",-3.80514806787045,-0.0062543531831697,-5.07484400991316,-1.15491604083306
"PRS_T2D_Child_SexStratified_CBH2226HOIR_CplusT","AC_26_z","Perceptual.reasoning.composite.score_z","cde",-2.26315975596544,0.0259618001355981,-3.64844536360638,0.271482605473719
"PRS_T2D_Child_SexStratified_CBH2226HOIR_CplusT","AC_26_z","Perceptual.reasoning.composite.score_z","pnde",-1.89333360280625,0.0168549120238921,-3.56837024910098,0.351557719979128
"PRS_T2D_Child_SexStratified_CBH2226HOIR_CplusT","AC_26_z","Perceptual.reasoning.composite.score_z","tnie",0.750536477482748,0.780139376620444,-1.38010241852466,2.53982555055544
"PRS_T2D_Child_SexStratified_CBH2226HOIR_CplusT","AC_26_z","Perceptual.reasoning.composite.score_z","tnde",-2.50417307020796,0.0211893878179125,-3.61546962172829,0.304458347351823
"PRS_T2D_Child_SexStratified_CBH2226HOIR_CplusT","AC_26_z","Perceptual.reasoning.composite.score_z","pnie",-0.596824858527848,0.799910221508123,-1.61943404068107,2.30049392839904
"PRS_T2D_Child_SexStratified_CBH2226HOIR_CplusT","AC_26_z","Perceptual.reasoning.composite.score_z","te",-2.19006776765389,0.024642089465836,-3.67761251366105,0.242315455419053
"PRS_T2D_Child_SexStratified_CGL2226FAST_CplusT","AC_26_z","Perceptual.reasoning.composite.score_z","cde",-3.7081958531487,-0.00578737322529597,-5.06579440456671,-1.14586643548661
"PRS_T2D_Child_SexStratified_CGL2226FAST_CplusT","AC_26_z","Perceptual.reasoning.composite.score_z","pnde",-3.3793513048637,0.00114352671228052,-5.25947192963722,-1.33954396055711
"PRS_T2D_Child_SexStratified_CGL2226FAST_CplusT","AC_26_z","Perceptual.reasoning.composite.score_z","tnie",-0.222012766070528,0.970938931300032,-1.35980105167367,2.56012691740644
"PRS_T2D_Child_SexStratified_CGL2226FAST_CplusT","AC_26_z","Perceptual.reasoning.composite.score_z","tnde",-3.7588317163548,0.00556246691046476,-4.7350996179387,-0.815171648858585
"PRS_T2D_Child_SexStratified_CGL2226FAST_CplusT","AC_26_z","Perceptual.reasoning.composite.score_z","pnie",-0.0381182591569512,0.69234347987386,-1.94187311930511,1.978054849775
"PRS_T2D_Child_SexStratified_CGL2226FAST_CplusT","AC_26_z","Perceptual.reasoning.composite.score_z","te",-3.77089924389525,-0.00844645544125028,-4.9491428154238,-1.0292148463437
"PRS_T2D_Child_SexStratified_CBH2226HOIR_CplusT","CID05GA_z","Perceptual.reasoning.composite.score_z","cde",-2.17081365335486,0.034448885500614,-3.82463986189263,0.0952881071874813
"PRS_T2D_Child_SexStratified_CBH2226HOIR_CplusT","CID05GA_z","Perceptual.reasoning.composite.score_z","pnde",-1.49179206132148,0.0915868977315325,-3.00662865460514,0.913299314474968
"PRS_T2D_Child_SexStratified_CBH2226HOIR_CplusT","CID05GA_z","Perceptual.reasoning.composite.score_z","tnie",-0.633568079847471,0.273158946537531,-2.38639605223943,1.53353191684069
"PRS_T2D_Child_SexStratified_CBH2226HOIR_CplusT","CID05GA_z","Perceptual.reasoning.composite.score_z","tnde",-1.58527369987346,0.0595596379949698,-3.1053460319766,0.814581937103513
"PRS_T2D_Child_SexStratified_CBH2226HOIR_CplusT","CID05GA_z","Perceptual.reasoning.composite.score_z","pnie",-0.305964197746773,0.6350804795766,-1.76960821333495,2.15031975574514
"PRS_T2D_Child_SexStratified_CBH2226HOIR_CplusT","CID05GA_z","Perceptual.reasoning.composite.score_z","te",-2.18215260373026,0.0619816204821413,-3.18416443707889,0.735763532001215
"PRS_T2D_Child_SexStratified_CGL2226FAST_CplusT","CID05GA_z","Perceptual.reasoning.composite.score_z","cde",-3.98171365189969,-0.00204685131635948,-4.71905200949015,-0.799124040410039
"PRS_T2D_Child_SexStratified_CGL2226FAST_CplusT","CID05GA_z","Perceptual.reasoning.composite.score_z","pnde",-2.85147267853217,-0.00674003533743948,-4.83526196311473,-0.915333994034628
"PRS_T2D_Child_SexStratified_CGL2226FAST_CplusT","CID05GA_z","Perceptual.reasoning.composite.score_z","tnie",-0.358385719609758,0.55242089700173,-2.16549686366104,1.75443110541907
"PRS_T2D_Child_SexStratified_CGL2226FAST_CplusT","CID05GA_z","Perceptual.reasoning.composite.score_z","tnde",-2.83903076250461,-0.00730757325225433,-4.69578917364885,-0.775861204568735
"PRS_T2D_Child_SexStratified_CGL2226FAST_CplusT","CID05GA_z","Perceptual.reasoning.composite.score_z","pnie",-0.94527519940454,0.605499121447615,-1.91836367386853,2.00156429521157
"PRS_T2D_Child_SexStratified_CGL2226FAST_CplusT","CID05GA_z","Perceptual.reasoning.composite.score_z","te",-2.8770481961141,0.00253313753380336,-4.80468614696599,-0.884758177885892
"PRS_T2D_Child_SexStratified_CBH2226HOIR_CplusT","CWH17BMI_z","Perceptual.reasoning.composite.score_z","cde",-1.86437375931599,0.0224905888747009,-3.7564832787542,0.163444690325911
"PRS_T2D_Child_SexStratified_CBH2226HOIR_CplusT","CWH17BMI_z","Perceptual.reasoning.composite.score_z","pnde",-2.61309626047098,0.0195743481255132,-3.96241886633452,-0.0424908972544073
"PRS_T2D_Child_SexStratified_CBH2226HOIR_CplusT","CWH17BMI_z","Perceptual.reasoning.composite.score_z","tnie",0.887809336953662,0.613859421661483,-0.785804868475065,3.13412310060505
"PRS_T2D_Child_SexStratified_CBH2226HOIR_CplusT","CWH17BMI_z","Perceptual.reasoning.composite.score_z","tnde",-2.40129572133492,0.017456660313394,-3.94309083048617,-0.0231628614060659
"PRS_T2D_Child_SexStratified_CBH2226HOIR_CplusT","CWH17BMI_z","Perceptual.reasoning.composite.score_z","pnie",0.467697818595817,0.621300231449813,-1.17865227771872,2.74127569136139
"PRS_T2D_Child_SexStratified_CBH2226HOIR_CplusT","CWH17BMI_z","Perceptual.reasoning.composite.score_z","te",-1.78132994013595,0.0266476536732323,-3.46655566389833,0.453372305181776
"PRS_T2D_Child_SexStratified_CGL2226FAST_CplusT","CWH17BMI_z","Perceptual.reasoning.composite.score_z","cde",-3.15095286374504,-0.00140467509422542,-4.7889457599865,-0.869017790906393
"PRS_T2D_Child_SexStratified_CGL2226FAST_CplusT","CWH17BMI_z","Perceptual.reasoning.composite.score_z","pnde",-3.3369493154562,-0.00244777800653561,-5.19321170245095,-1.27328373337085
"PRS_T2D_Child_SexStratified_CGL2226FAST_CplusT","CWH17BMI_z","Perceptual.reasoning.composite.score_z","tnie",0.4448874452628,0.425667989393833,-0.842448047858816,3.07747992122128
"PRS_T2D_Child_SexStratified_CGL2226FAST_CplusT","CWH17BMI_z","Perceptual.reasoning.composite.score_z","tnde",-3.51510115807753,-0.00656388344037104,-4.96987655468102,-1.04994858560091
"PRS_T2D_Child_SexStratified_CGL2226FAST_CplusT","CWH17BMI_z","Perceptual.reasoning.composite.score_z","pnie",0.368605654422346,0.48722665911467,-0.976208554597738,2.94371941448237
"PRS_T2D_Child_SexStratified_CGL2226FAST_CplusT","CWH17BMI_z","Perceptual.reasoning.composite.score_z","te",-3.37525931353688,-0.00950051643666599,-4.97817469192615,-1.05824672284604
"PRS_T2D_Child_SexStratified_CBH2226HOIR_CplusT","CWH18BMI_z","Perceptual.reasoning.composite.score_z","cde",-1.95899182359862,0.0404480164215989,-3.72118670235501,0.198741266725095
"PRS_T2D_Child_SexStratified_CBH2226HOIR_CplusT","CWH18BMI_z","Perceptual.reasoning.composite.score_z","pnde",-1.73753144809066,0.039229963874397,-3.28135339816993,0.638574570910182
"PRS_T2D_Child_SexStratified_CBH2226HOIR_CplusT","CWH18BMI_z","Perceptual.reasoning.composite.score_z","tnie",0.471304126847518,0.981620118990686,-1.67372363460191,2.2462043344782
"PRS_T2D_Child_SexStratified_CBH2226HOIR_CplusT","CWH18BMI_z","Perceptual.reasoning.composite.score_z","tnde",-1.64632679489595,0.0439570176834274,-3.34475754726305,0.575170421817049
"PRS_T2D_Child_SexStratified_CBH2226HOIR_CplusT","CWH18BMI_z","Perceptual.reasoning.composite.score_z","pnie",-0.505876887565873,0.977057963466382,-1.62625326561627,2.29367470346383
"PRS_T2D_Child_SexStratified_CBH2226HOIR_CplusT","CWH18BMI_z","Perceptual.reasoning.composite.score_z","te",-2.19729406035037,0.0422556045853225,-3.72196711980209,0.197960849278021
"PRS_T2D_Child_SexStratified_CGL2226FAST_CplusT","CWH18BMI_z","Perceptual.reasoning.composite.score_z","cde",-3.43085823057704,-0.00445853024207104,-5.0205058794185,-1.1005779103384
"PRS_T2D_Child_SexStratified_CGL2226FAST_CplusT","CWH18BMI_z","Perceptual.reasoning.composite.score_z","pnde",-3.55067575759389,0.00512668547626388,-4.96364024479481,-1.0437122757147
"PRS_T2D_Child_SexStratified_CGL2226FAST_CplusT","CWH18BMI_z","Perceptual.reasoning.composite.score_z","tnie",-0.8092780569597,0.733321123594083,-1.9820346343214,1.93789333475871
"PRS_T2D_Child_SexStratified_CGL2226FAST_CplusT","CWH18BMI_z","Perceptual.reasoning.composite.score_z","tnde",-3.64276472857444,0.00732084137286587,-5.00012887075706,-1.08020090167695
"PRS_T2D_Child_SexStratified_CGL2226FAST_CplusT","CWH18BMI_z","Perceptual.reasoning.composite.score_z","pnie",-0.116791046436602,0.725511354933903,-1.90392401100792,2.01600395807217
"PRS_T2D_Child_SexStratified_CGL2226FAST_CplusT","CWH18BMI_z","Perceptual.reasoning.composite.score_z","te",-3.18305282436427,-0.00660189422772015,-5.09860987798831,-1.1786819089082
"PRS_T2D_Child_SexStratified_CBH2226HOIR_CplusT","CWH20BMI_z","Perceptual.reasoning.composite.score_z","cde",-1.93077865805761,0.0316969381943753,-3.85411106122415,0.0658169078559547
"PRS_T2D_Child_SexStratified_CBH2226HOIR_CplusT","CWH20BMI_z","Perceptual.reasoning.composite.score_z","pnde",-1.68023640427096,0.0219556220267752,-3.39449355432992,0.525434414750191
"PRS_T2D_Child_SexStratified_CBH2226HOIR_CplusT","CWH20BMI_z","Perceptual.reasoning.composite.score_z","tnie",-0.00176767556056506,0.950691799575147,-1.41409926341379,2.5058287056663
"PRS_T2D_Child_SexStratified_CBH2226HOIR_CplusT","CWH20BMI_z","Perceptual.reasoning.composite.score_z","tnde",-2.08566175382846,0.0245313827614941,-3.54770121854931,0.372226750530795
"PRS_T2D_Child_SexStratified_CBH2226HOIR_CplusT","CWH20BMI_z","Perceptual.reasoning.composite.score_z","pnie",0.203826918902321,0.955257548731156,-1.43156542109966,2.48836254798046
"PRS_T2D_Child_SexStratified_CBH2226HOIR_CplusT","CWH20BMI_z","Perceptual.reasoning.composite.score_z","te",-2.20717378603593,0.0353013699157896,-3.74371040741685,0.176217561663259
"PRS_T2D_Child_SexStratified_CGL2226FAST_CplusT","CWH20BMI_z","Perceptual.reasoning.composite.score_z","cde",-3.385619501706,0.00617487494885592,-5.10344285552028,-1.18351488644017
"PRS_T2D_Child_SexStratified_CGL2226FAST_CplusT","CWH20BMI_z","Perceptual.reasoning.composite.score_z","pnde",-3.55538451693908,0.000408830226051373,-4.85371966657589,-0.93379169749579
"PRS_T2D_Child_SexStratified_CGL2226FAST_CplusT","CWH20BMI_z","Perceptual.reasoning.composite.score_z","tnie",0.581419380187552,0.910271952890499,-1.21552210272552,2.70440586635459
"PRS_T2D_Child_SexStratified_CGL2226FAST_CplusT","CWH20BMI_z","Perceptual.reasoning.composite.score_z","tnde",-3.28573471032162,-0.00733891673026577,-4.83217709455656,-0.912249125476462
"PRS_T2D_Child_SexStratified_CGL2226FAST_CplusT","CWH20BMI_z","Perceptual.reasoning.composite.score_z","pnie",0.367900718220906,0.905888637824375,-1.36765130574435,2.55227666333575
"PRS_T2D_Child_SexStratified_CGL2226FAST_CplusT","CWH20BMI_z","Perceptual.reasoning.composite.score_z","te",-3.80775584908236,0.00981060501167658,-4.69652700154084,-0.776599032460732
"PRS_T2D_Child_SexStratified_CBH2226HOIR_CplusT","CWH22BMI_z","Perceptual.reasoning.composite.score_z","cde",-2.37830242159716,0.0178654268459301,-3.99951276129457,-0.0795847922144567
"PRS_T2D_Child_SexStratified_CBH2226HOIR_CplusT","CWH22BMI_z","Perceptual.reasoning.composite.score_z","pnde",-2.15418599220664,0.0152873879081345,-3.84433696511346,0.0755910039666489
"PRS_T2D_Child_SexStratified_CBH2226HOIR_CplusT","CWH22BMI_z","Perceptual.reasoning.composite.score_z","tnie",0.214855159681046,1.00072542784513,-1.58970772841257,2.33022024066754
"PRS_T2D_Child_SexStratified_CBH2226HOIR_CplusT","CWH22BMI_z","Perceptual.reasoning.composite.score_z","tnde",-2.46214367599112,0.00847389065990584,-3.68609983156725,0.233828137512857
"PRS_T2D_Child_SexStratified_CBH2226HOIR_CplusT","CWH22BMI_z","Perceptual.reasoning.composite.score_z","pnie",0.484652557407485,0.999478061671676,-1.41122721832932,2.50870075075078
"PRS_T2D_Child_SexStratified_CBH2226HOIR_CplusT","CWH22BMI_z","Perceptual.reasoning.composite.score_z","te",-2.13239907014845,0.00917181524644803,-3.62770228407946,0.29222568500065
"PRS_T2D_Child_SexStratified_CGL2226FAST_CplusT","CWH22BMI_z","Perceptual.reasoning.composite.score_z","cde",-3.56220073956364,-4.99676681150612e-05,-5.62955722414194,-1.70962925506183
"PRS_T2D_Child_SexStratified_CGL2226FAST_CplusT","CWH22BMI_z","Perceptual.reasoning.composite.score_z","pnde",-3.89789109875399,0.0032037364317757,-5.3373137101194,-1.4173857410393
"PRS_T2D_Child_SexStratified_CGL2226FAST_CplusT","CWH22BMI_z","Perceptual.reasoning.composite.score_z","tnie",0.676431829681034,0.694956674981994,-0.935270506186388,2.98465746289372
"PRS_T2D_Child_SexStratified_CGL2226FAST_CplusT","CWH22BMI_z","Perceptual.reasoning.composite.score_z","tnde",-4.32278915552804,0.00303034866575754,-5.26570391152841,-1.3457759424483
"PRS_T2D_Child_SexStratified_CGL2226FAST_CplusT","CWH22BMI_z","Perceptual.reasoning.composite.score_z","pnie",-0.1019775937876,0.721328938674838,-0.934475925909333,2.98545204317078
"PRS_T2D_Child_SexStratified_CGL2226FAST_CplusT","CWH22BMI_z","Perceptual.reasoning.composite.score_z","te",-4.25140459632679,-0.00746198773085427,-5.34119187370526,-1.42126390462514
"PRS_T2D_Child_SexStratified_CBH2226HOIR_CplusT","Dur_any_BF_ord_z","Perceptual.reasoning.composite.score_z","cde",-1.99903602028885,0.0388759146617833,-3.49737016358505,0.422557805495056
"PRS_T2D_Child_SexStratified_CBH2226HOIR_CplusT","Dur_any_BF_ord_z","Perceptual.reasoning.composite.score_z","pnde",-1.98118336358511,0.0423123431991382,-3.29162480749997,0.628303161580135
"PRS_T2D_Child_SexStratified_CBH2226HOIR_CplusT","Dur_any_BF_ord_z","Perceptual.reasoning.composite.score_z","tnie",0.544405232292898,0.931836056402067,-1.2604141984992,2.65951377058091
"PRS_T2D_Child_SexStratified_CBH2226HOIR_CplusT","Dur_any_BF_ord_z","Perceptual.reasoning.composite.score_z","tnde",-2.46459253572154,0.0420526061980824,-3.40829420469867,0.511633764381437
"PRS_T2D_Child_SexStratified_CBH2226HOIR_CplusT","Dur_any_BF_ord_z","Perceptual.reasoning.composite.score_z","pnie",0.430060225317469,0.929716062854963,-1.50735192894666,2.41257604013343
"PRS_T2D_Child_SexStratified_CBH2226HOIR_CplusT","Dur_any_BF_ord_z","Perceptual.reasoning.composite.score_z","te",-1.95994836559448,0.0585826496863819,-3.35131078807506,0.568617181005054
"PRS_T2D_Child_SexStratified_CGL2226FAST_CplusT","Dur_any_BF_ord_z","Perceptual.reasoning.composite.score_z","cde",-3.33038879614911,-0.00200014508293816,-4.69344164113575,-0.773513672055643
"PRS_T2D_Child_SexStratified_CGL2226FAST_CplusT","Dur_any_BF_ord_z","Perceptual.reasoning.composite.score_z","pnde",-2.98682233645222,0.000322251612944831,-4.92636376932775,-1.00643580024764
"PRS_T2D_Child_SexStratified_CGL2226FAST_CplusT","Dur_any_BF_ord_z","Perceptual.reasoning.composite.score_z","tnie",-0.275115459906497,0.755024222356281,-1.60406490377146,2.31586306530865
"PRS_T2D_Child_SexStratified_CGL2226FAST_CplusT","Dur_any_BF_ord_z","Perceptual.reasoning.composite.score_z","tnde",-2.82288392976477,0.00735045932279861,-4.43365862201458,-0.513730652934469
"PRS_T2D_Child_SexStratified_CGL2226FAST_CplusT","Dur_any_BF_ord_z","Perceptual.reasoning.composite.score_z","pnie",-0.74106629335951,0.259732112323061,-2.53275279027513,1.38717517880499
"PRS_T2D_Child_SexStratified_CGL2226FAST_CplusT","Dur_any_BF_ord_z","Perceptual.reasoning.composite.score_z","te",-3.7771948514767,-0.00294381612839146,-4.61746624429928,-0.697538275219177
"PRS_T2D_Child_SexStratified_CBH2226HOIR_CplusT","Dur_full_BF_ord_z","Perceptual.reasoning.composite.score_z","cde",-2.39864355911303,0.0295221814442125,-3.62713288459669,0.292795084483426
"PRS_T2D_Child_SexStratified_CBH2226HOIR_CplusT","Dur_full_BF_ord_z","Perceptual.reasoning.composite.score_z","pnde",-2.60664641787582,0.0230696140184113,-3.79364417154564,0.126283797534465
"PRS_T2D_Child_SexStratified_CBH2226HOIR_CplusT","Dur_full_BF_ord_z","Perceptual.reasoning.composite.score_z","tnie",1.00675891815845,0.542667115527637,-0.997570365897964,2.92235760318214
"PRS_T2D_Child_SexStratified_CBH2226HOIR_CplusT","Dur_full_BF_ord_z","Perceptual.reasoning.composite.score_z","tnde",-1.76499338986599,0.0360308924939665,-3.64395383269711,0.275974136382994
"PRS_T2D_Child_SexStratified_CBH2226HOIR_CplusT","Dur_full_BF_ord_z","Perceptual.reasoning.composite.score_z","pnie",0.719972075798716,0.547088696020715,-0.808141872833642,3.11178609624646
"PRS_T2D_Child_SexStratified_CBH2226HOIR_CplusT","Dur_full_BF_ord_z","Perceptual.reasoning.composite.score_z","te",-1.82613622284466,0.0285673437716564,-3.35528547505292,0.564642494027182
"PRS_T2D_Child_SexStratified_CGL2226FAST_CplusT","Dur_full_BF_ord_z","Perceptual.reasoning.composite.score_z","cde",-3.99108543592085,-0.000371664605115125,-5.01747611997634,-1.09754815089623
"PRS_T2D_Child_SexStratified_CGL2226FAST_CplusT","Dur_full_BF_ord_z","Perceptual.reasoning.composite.score_z","pnde",-3.1525388682007,-0.00062462622421778,-4.73620913299458,-0.816281163914469
"PRS_T2D_Child_SexStratified_CGL2226FAST_CplusT","Dur_full_BF_ord_z","Perceptual.reasoning.composite.score_z","tnie",0.439763545760427,0.768253668518036,-1.09000224653244,2.82992572254767
"PRS_T2D_Child_SexStratified_CGL2226FAST_CplusT","Dur_full_BF_ord_z","Perceptual.reasoning.composite.score_z","tnde",-3.01423596347363,-0.000533594817320298,-4.66838664584413,-0.748458676764024
"PRS_T2D_Child_SexStratified_CGL2226FAST_CplusT","Dur_full_BF_ord_z","Perceptual.reasoning.composite.score_z","pnie",-0.109119857722577,0.635818014051195,-1.95263971672394,1.96728825235617
"PRS_T2D_Child_SexStratified_CGL2226FAST_CplusT","Dur_full_BF_ord_z","Perceptual.reasoning.composite.score_z","te",-3.3075344955732,0.00101453293517633,-4.68317633397322,-0.763248364893107
"PRS_T2D_Child_SexStratified_CBH2226HOIR_CplusT","Duration_AnyBF_mth_z","Perceptual.reasoning.composite.score_z","cde",-2.35996205333035,0.0238965251691467,-3.70992725058278,0.210000718497326
"PRS_T2D_Child_SexStratified_CBH2226HOIR_CplusT","Duration_AnyBF_mth_z","Perceptual.reasoning.composite.score_z","pnde",-2.44040196035012,0.0260598166834537,-3.69041546055475,0.229512508525354
"PRS_T2D_Child_SexStratified_CBH2226HOIR_CplusT","Duration_AnyBF_mth_z","Perceptual.reasoning.composite.score_z","tnie",-0.0535708838205421,0.689432681470056,-1.0265574261929,2.89337054288722
"PRS_T2D_Child_SexStratified_CBH2226HOIR_CplusT","Duration_AnyBF_mth_z","Perceptual.reasoning.composite.score_z","tnde",-1.74279088978167,0.0178050891024998,-3.48458123493855,0.435346734141556
"PRS_T2D_Child_SexStratified_CBH2226HOIR_CplusT","Duration_AnyBF_mth_z","Perceptual.reasoning.composite.score_z","pnie",0.431158798325759,0.681429638927821,-0.897547832281705,3.02238013679842
"PRS_T2D_Child_SexStratified_CBH2226HOIR_CplusT","Duration_AnyBF_mth_z","Perceptual.reasoning.composite.score_z","te",-1.97070883974477,0.0335852003247855,-3.50491954527778,0.415008423802327
"PRS_T2D_Child_SexStratified_CGL2226FAST_CplusT","Duration_AnyBF_mth_z","Perceptual.reasoning.composite.score_z","cde",-2.90100050846648,-0.00525117049994878,-4.9070955188899,-0.987167549809796
"PRS_T2D_Child_SexStratified_CGL2226FAST_CplusT","Duration_AnyBF_mth_z","Perceptual.reasoning.composite.score_z","pnde",-3.45563915377668,-0.00902774839683907,-4.61773981472601,-0.69781184564591
"PRS_T2D_Child_SexStratified_CGL2226FAST_CplusT","Duration_AnyBF_mth_z","Perceptual.reasoning.composite.score_z","tnie",-0.850490438188567,0.637439339731836,-1.82100391725962,2.09892405182048
"PRS_T2D_Child_SexStratified_CGL2226FAST_CplusT","Duration_AnyBF_mth_z","Perceptual.reasoning.composite.score_z","tnde",-3.1456451558349,0.00131390794974207,-4.96281576216433,-1.04288779308422
"PRS_T2D_Child_SexStratified_CGL2226FAST_CplusT","Duration_AnyBF_mth_z","Perceptual.reasoning.composite.score_z","pnie",-1.04922360442087,0.410392137897043,-2.13059790574858,1.78933006333152
"PRS_T2D_Child_SexStratified_CGL2226FAST_CplusT","Duration_AnyBF_mth_z","Perceptual.reasoning.composite.score_z","te",-3.32160912723618,0.00673412460619843,-4.89621247537711,-0.976284506296996
"PRS_T2D_Child_SexStratified_CBH2226HOIR_CplusT","Duration_FullBF_mth_z","Perceptual.reasoning.composite.score_z","cde",-2.60742947862603,0.00541777854346937,-3.76861689501966,0.151311074060448
"PRS_T2D_Child_SexStratified_CBH2226HOIR_CplusT","Duration_FullBF_mth_z","Perceptual.reasoning.composite.score_z","pnde",-2.78828719997347,0.0154913826684915,-3.9344242451896,-0.0144962761094964
"PRS_T2D_Child_SexStratified_CBH2226HOIR_CplusT","Duration_FullBF_mth_z","Perceptual.reasoning.composite.score_z","tnie",0.234488953339758,0.612439430007658,-0.969596246622933,2.95033172245718
"PRS_T2D_Child_SexStratified_CBH2226HOIR_CplusT","Duration_FullBF_mth_z","Perceptual.reasoning.composite.score_z","tnde",-2.27038730457118,0.0217769693680793,-3.89631576715601,0.0236122019240972
"PRS_T2D_Child_SexStratified_CBH2226HOIR_CplusT","Duration_FullBF_mth_z","Perceptual.reasoning.composite.score_z","pnie",0.398959338139817,0.733748155460723,-1.1023158547918,2.8176121142883
"PRS_T2D_Child_SexStratified_CBH2226HOIR_CplusT","Duration_FullBF_mth_z","Perceptual.reasoning.composite.score_z","te",-2.80051308916896,0.00609602372739347,-3.83375938351685,0.0861685855632565
"PRS_T2D_Child_SexStratified_CGL2226FAST_CplusT","Duration_FullBF_mth_z","Perceptual.reasoning.composite.score_z","cde",-3.76870209571223,0.00429053832852584,-4.7540601107497,-0.83413214166959
"PRS_T2D_Child_SexStratified_CGL2226FAST_CplusT","Duration_FullBF_mth_z","Perceptual.reasoning.composite.score_z","pnde",-3.31807954906695,0.00592360495670326,-4.64362531940135,-0.723697350321233
"PRS_T2D_Child_SexStratified_CGL2226FAST_CplusT","Duration_FullBF_mth_z","Perceptual.reasoning.composite.score_z","tnie",-0.123095177382561,0.77554382917581,-0.947351092610231,2.97257687646988
"PRS_T2D_Child_SexStratified_CGL2226FAST_CplusT","Duration_FullBF_mth_z","Perceptual.reasoning.composite.score_z","tnde",-2.90037655159742,-0.00522031110884568,-4.5517712837629,-0.631843314682794
"PRS_T2D_Child_SexStratified_CGL2226FAST_CplusT","Duration_FullBF_mth_z","Perceptual.reasoning.composite.score_z","pnie",-0.0304683351094279,0.864751850388668,-1.65133290395512,2.26859506512499
"PRS_T2D_Child_SexStratified_CGL2226FAST_CplusT","Duration_FullBF_mth_z","Perceptual.reasoning.composite.score_z","te",-2.76881139108802,-0.0068527641478382,-4.66780692791862,-0.747878958838506
"PRS_T2D_Child_SexStratified_CBH2226HOIR_CplusT","EFW32minusEFW19_z","Perceptual.reasoning.composite.score_z","cde",-2.4377863923021,0.0116439191398514,-3.65791800304053,0.262009966039576
"PRS_T2D_Child_SexStratified_CBH2226HOIR_CplusT","EFW32minusEFW19_z","Perceptual.reasoning.composite.score_z","pnde",-2.62267896155559,0.0224539620727084,-3.69065679801298,0.229271171067123
"PRS_T2D_Child_SexStratified_CBH2226HOIR_CplusT","EFW32minusEFW19_z","Perceptual.reasoning.composite.score_z","tnie",0.19673124019888,0.868298545821281,-1.19270604061467,2.72722192846544
"PRS_T2D_Child_SexStratified_CBH2226HOIR_CplusT","EFW32minusEFW19_z","Perceptual.reasoning.composite.score_z","tnde",-2.27915860302674,0.0192583033782368,-3.87199381246099,0.0479341566191189
"PRS_T2D_Child_SexStratified_CBH2226HOIR_CplusT","EFW32minusEFW19_z","Perceptual.reasoning.composite.score_z","pnie",0.32532946693769,0.873433603054926,-1.42154217698027,2.49838579209984
"PRS_T2D_Child_SexStratified_CBH2226HOIR_CplusT","EFW32minusEFW19_z","Perceptual.reasoning.composite.score_z","te",-2.70885532290666,0.0183867972931418,-3.72097627921426,0.198951689865843
"PRS_T2D_Child_SexStratified_CGL2226FAST_CplusT","EFW32minusEFW19_z","Perceptual.reasoning.composite.score_z","cde",-3.29950300646644,7.44927525879913e-05,-5.02346909075612,-1.10354112167601
"PRS_T2D_Child_SexStratified_CGL2226FAST_CplusT","EFW32minusEFW19_z","Perceptual.reasoning.composite.score_z","pnde",-3.87087901030761,0.0055234494129984,-5.17098160390309,-1.25105363482298
"PRS_T2D_Child_SexStratified_CGL2226FAST_CplusT","EFW32minusEFW19_z","Perceptual.reasoning.composite.score_z","tnie",-0.284452727837959,0.82665229609977,-1.37424675008734,2.54568121899277
"PRS_T2D_Child_SexStratified_CGL2226FAST_CplusT","EFW32minusEFW19_z","Perceptual.reasoning.composite.score_z","tnde",-3.50586103978154,0.00701052790860266,-4.80402380719773,-0.884095838117628
"PRS_T2D_Child_SexStratified_CGL2226FAST_CplusT","EFW32minusEFW19_z","Perceptual.reasoning.composite.score_z","pnie",-0.516740417630905,0.812630625822063,-1.87584147001232,2.04408649906778
"PRS_T2D_Child_SexStratified_CGL2226FAST_CplusT","EFW32minusEFW19_z","Perceptual.reasoning.composite.score_z","te",-3.36882298438206,0.00575420392280025,-4.92461499021655,-1.00468702113643
"PRS_T2D_Child_SexStratified_CBH2226HOIR_CplusT","EFW_26_z","Perceptual.reasoning.composite.score_z","cde",-2.04707287191071,0.0247582989523882,-3.73657647725724,0.183351491822872
"PRS_T2D_Child_SexStratified_CBH2226HOIR_CplusT","EFW_26_z","Perceptual.reasoning.composite.score_z","pnde",-2.29406864297752,0.0297796943536674,-3.95976078540667,-0.0398328163265652
"PRS_T2D_Child_SexStratified_CBH2226HOIR_CplusT","EFW_26_z","Perceptual.reasoning.composite.score_z","tnie",-0.0537197317193,0.758268972413227,-1.12562968286724,2.79429828621286
"PRS_T2D_Child_SexStratified_CBH2226HOIR_CplusT","EFW_26_z","Perceptual.reasoning.composite.score_z","tnde",-2.40703493586872,0.0232496173715915,-3.50172736479971,0.4182006042804
"PRS_T2D_Child_SexStratified_CBH2226HOIR_CplusT","EFW_26_z","Perceptual.reasoning.composite.score_z","pnie",-0.187472298523756,0.829337100747485,-1.47674705437451,2.44318091470559
"PRS_T2D_Child_SexStratified_CBH2226HOIR_CplusT","EFW_26_z","Perceptual.reasoning.composite.score_z","te",-2.71697286053639,0.0313824401729951,-3.78059234180505,0.139335627275058
"PRS_T2D_Child_SexStratified_CGL2226FAST_CplusT","EFW_26_z","Perceptual.reasoning.composite.score_z","cde",-3.22142965296066,-0.00811971104889163,-5.20026853838191,-1.2803405693018
"PRS_T2D_Child_SexStratified_CGL2226FAST_CplusT","EFW_26_z","Perceptual.reasoning.composite.score_z","pnde",-3.88494397563404,-0.00661310813493049,-5.09056409974066,-1.17063613066055
"PRS_T2D_Child_SexStratified_CGL2226FAST_CplusT","EFW_26_z","Perceptual.reasoning.composite.score_z","tnie",0.240990875017061,0.882840803820137,-1.61589741848984,2.30403055059027
"PRS_T2D_Child_SexStratified_CGL2226FAST_CplusT","EFW_26_z","Perceptual.reasoning.composite.score_z","tnde",-3.85633728465201,0.00772820374992693,-4.75670221491326,-0.836774245833151
"PRS_T2D_Child_SexStratified_CGL2226FAST_CplusT","EFW_26_z","Perceptual.reasoning.composite.score_z","pnie",-0.620692974430841,0.656834152481179,-1.92953573446135,1.99039223461877
"PRS_T2D_Child_SexStratified_CGL2226FAST_CplusT","EFW_26_z","Perceptual.reasoning.composite.score_z","te",-3.88217023880436,0.000826364218891128,-5.19382507740674,-1.27389710832663
"PRS_T2D_Child_SexStratified_CBH2226HOIR_CplusT","HSCRP_yr6_z","Perceptual.reasoning.composite.score_z","cde",-2.59110271400129,0.0190769703033156,-3.55880824095796,0.361119728122147
"PRS_T2D_Child_SexStratified_CBH2226HOIR_CplusT","HSCRP_yr6_z","Perceptual.reasoning.composite.score_z","pnde",-2.08037345036423,0.0754865980251778,-2.99905825981834,0.920869709261767
"PRS_T2D_Child_SexStratified_CBH2226HOIR_CplusT","HSCRP_yr6_z","Perceptual.reasoning.composite.score_z","tnie",-0.135724515706,0.679044042808039,-1.99840279497674,1.92152517410337
"PRS_T2D_Child_SexStratified_CBH2226HOIR_CplusT","HSCRP_yr6_z","Perceptual.reasoning.composite.score_z","tnde",-1.68420587758335,0.0522820176651456,-3.38216647456606,0.537761494514045
"PRS_T2D_Child_SexStratified_CBH2226HOIR_CplusT","HSCRP_yr6_z","Perceptual.reasoning.composite.score_z","pnie",0.582532860642464,0.758156014586497,-1.27657515698408,2.64335281209604
"PRS_T2D_Child_SexStratified_CBH2226HOIR_CplusT","HSCRP_yr6_z","Perceptual.reasoning.composite.score_z","te",-1.61132524424826,0.0533496018925358,-3.61756063280693,0.302367336273172
"PRS_T2D_Child_SexStratified_CGL2226FAST_CplusT","HSCRP_yr6_z","Perceptual.reasoning.composite.score_z","cde",-3.15680920127201,-0.00147930649236793,-4.31226513211443,-0.392337163034312
"PRS_T2D_Child_SexStratified_CGL2226FAST_CplusT","HSCRP_yr6_z","Perceptual.reasoning.composite.score_z","pnde",-2.5886675956708,0.0319134912527508,-3.54470229778867,0.375225671291427
"PRS_T2D_Child_SexStratified_CGL2226FAST_CplusT","HSCRP_yr6_z","Perceptual.reasoning.composite.score_z","tnie",0.340483416335979,0.902756682856627,-1.51417404702958,2.40575392205053
"PRS_T2D_Child_SexStratified_CGL2226FAST_CplusT","HSCRP_yr6_z","Perceptual.reasoning.composite.score_z","tnde",-3.10164517302936,-0.00136933508801781,-4.24569870482543,-0.325770735745316
"PRS_T2D_Child_SexStratified_CGL2226FAST_CplusT","HSCRP_yr6_z","Perceptual.reasoning.composite.score_z","pnie",-0.137418121927795,0.920001482967274,-1.25140378426179,2.66852418481833
"PRS_T2D_Child_SexStratified_CGL2226FAST_CplusT","HSCRP_yr6_z","Perceptual.reasoning.composite.score_z","te",-3.00765291564219,0.0192537727327248,-3.77653387953518,0.143394089544921
"PRS_T2D_Child_SexStratified_CBH2226HOIR_CplusT","MAG03FAST_z","Perceptual.reasoning.composite.score_z","cde",-2.47021652543087,0.0330133408663328,-3.77173487870063,0.148193090379477
"PRS_T2D_Child_SexStratified_CBH2226HOIR_CplusT","MAG03FAST_z","Perceptual.reasoning.composite.score_z","pnde",-2.11498628951829,0.034808234912052,-3.62099167783903,0.298936291241073
"PRS_T2D_Child_SexStratified_CBH2226HOIR_CplusT","MAG03FAST_z","Perceptual.reasoning.composite.score_z","tnie",0.223345055399946,0.920925459612025,-1.41603735759186,2.50389061148824
"PRS_T2D_Child_SexStratified_CBH2226HOIR_CplusT","MAG03FAST_z","Perceptual.reasoning.composite.score_z","tnde",-2.55892093926503,0.0336552336560334,-3.85392889045883,0.0659990786212732
"PRS_T2D_Child_SexStratified_CBH2226HOIR_CplusT","MAG03FAST_z","Perceptual.reasoning.composite.score_z","pnie",0.581601239360897,0.93052055839414,-1.40733611259359,2.51259185648651
"PRS_T2D_Child_SexStratified_CBH2226HOIR_CplusT","MAG03FAST_z","Perceptual.reasoning.composite.score_z","te",-2.25184693429466,0.0194140604494644,-3.70135775111402,0.218570217966089
"PRS_T2D_Child_SexStratified_CGL2226FAST_CplusT","MAG03FAST_z","Perceptual.reasoning.composite.score_z","cde",-3.04455581376597,0.00242931176602219,-5.14026320118199,-1.22033523210189
"PRS_T2D_Child_SexStratified_CGL2226FAST_CplusT","MAG03FAST_z","Perceptual.reasoning.composite.score_z","pnde",-3.98847147670016,0.00490719529188542,-4.7413770946193,-0.82144912553919
"PRS_T2D_Child_SexStratified_CGL2226FAST_CplusT","MAG03FAST_z","Perceptual.reasoning.composite.score_z","tnie",-0.629814073886885,0.834425410363284,-1.59223857669674,2.32768939238337
"PRS_T2D_Child_SexStratified_CGL2226FAST_CplusT","MAG03FAST_z","Perceptual.reasoning.composite.score_z","tnde",-3.62804635103632,0.00704202585046387,-4.98464443919027,-1.06471647011016
"PRS_T2D_Child_SexStratified_CGL2226FAST_CplusT","MAG03FAST_z","Perceptual.reasoning.composite.score_z","pnie",-0.311265869903249,0.805683994989599,-1.76959491463677,2.15033305444334
"PRS_T2D_Child_SexStratified_CGL2226FAST_CplusT","MAG03FAST_z","Perceptual.reasoning.composite.score_z","te",-3.9664976275156,0.00552783677108636,-5.08422966983134,-1.16430170075123
"PRS_T2D_Child_SexStratified_CBH2226HOIR_CplusT","MAG03HR2_z","Perceptual.reasoning.composite.score_z","cde",-2.05191865966187,0.0225102039676386,-3.75038190633926,0.169546062740846
"PRS_T2D_Child_SexStratified_CBH2226HOIR_CplusT","MAG03HR2_z","Perceptual.reasoning.composite.score_z","pnde",-1.8163006354924,0.031267556179724,-3.78205300310656,0.13787496597355
"PRS_T2D_Child_SexStratified_CBH2226HOIR_CplusT","MAG03HR2_z","Perceptual.reasoning.composite.score_z","tnie",0.863049504632921,0.502372504751688,-0.750941653202753,3.16898631587736
"PRS_T2D_Child_SexStratified_CBH2226HOIR_CplusT","MAG03HR2_z","Perceptual.reasoning.composite.score_z","tnde",-2.15398220385185,0.0285188796659319,-3.59746297626921,0.322464992810898
"PRS_T2D_Child_SexStratified_CBH2226HOIR_CplusT","MAG03HR2_z","Perceptual.reasoning.composite.score_z","pnie",0.532427068209371,0.517183013917521,-0.928146586863554,2.99178138221656
"PRS_T2D_Child_SexStratified_CBH2226HOIR_CplusT","MAG03HR2_z","Perceptual.reasoning.composite.score_z","te",-2.45173058260614,0.0219572288853655,-3.84019056354504,0.0797374055350626
"PRS_T2D_Child_SexStratified_CGL2226FAST_CplusT","MAG03HR2_z","Perceptual.reasoning.composite.score_z","cde",-3.27463125580281,0.000318081370483503,-5.21399937327249,-1.29407140419238
"PRS_T2D_Child_SexStratified_CGL2226FAST_CplusT","MAG03HR2_z","Perceptual.reasoning.composite.score_z","pnde",-3.65306717530689,0.00747087749400845,-4.68063275689994,-0.76070478781984
"PRS_T2D_Child_SexStratified_CGL2226FAST_CplusT","MAG03HR2_z","Perceptual.reasoning.composite.score_z","tnie",0.60090287999206,0.804485398089233,-0.973019276582471,2.94690869249765
"PRS_T2D_Child_SexStratified_CGL2226FAST_CplusT","MAG03HR2_z","Perceptual.reasoning.composite.score_z","tnde",-2.85519350280187,0.00151979351565739,-4.73940079315172,-0.819472824071616
"PRS_T2D_Child_SexStratified_CGL2226FAST_CplusT","MAG03HR2_z","Perceptual.reasoning.composite.score_z","pnie",-0.192965736583991,0.792288315820719,-1.12228881935919,2.79763914972092
"PRS_T2D_Child_SexStratified_CGL2226FAST_CplusT","MAG03HR2_z","Perceptual.reasoning.composite.score_z","te",-3.4143347347196,0.00687896321832964,-4.76942998395647,-0.849502014876371
"PRS_T2D_Child_SexStratified_CBH2226HOIR_CplusT","MAG03WHOC","Perceptual.reasoning.composite.score_z","cde",-2.55203276129959,0.0153898785497945,-4.04267689621534,-0.122748927135232
"PRS_T2D_Child_SexStratified_CBH2226HOIR_CplusT","MAG03WHOC","Perceptual.reasoning.composite.score_z","pnde",-1.8298381382923,0.0312137301430244,-3.88081742319658,0.0391105458835199
"PRS_T2D_Child_SexStratified_CBH2226HOIR_CplusT","MAG03WHOC","Perceptual.reasoning.composite.score_z","tnie",0.379914586330107,0.568655604267474,-1.10446240214543,2.81546556693468
"PRS_T2D_Child_SexStratified_CBH2226HOIR_CplusT","MAG03WHOC","Perceptual.reasoning.composite.score_z","tnde",-2.32946849960961,0.0227704887118252,-3.36494090590227,0.55498706317784
"PRS_T2D_Child_SexStratified_CBH2226HOIR_CplusT","MAG03WHOC","Perceptual.reasoning.composite.score_z","pnie",-0.614386710214913,0.62216626791365,-1.83408105499285,2.08584691408726
"PRS_T2D_Child_SexStratified_CBH2226HOIR_CplusT","MAG03WHOC","Perceptual.reasoning.composite.score_z","te",-2.68413142318334,0.0383472005203539,-3.71063068094099,0.209297288139119
"PRS_T2D_Child_SexStratified_CGL2226FAST_CplusT","MAG03WHOC","Perceptual.reasoning.composite.score_z","cde",-3.99673535308286,-0.00670504543639262,-5.28369347802253,-1.36376550894243
"PRS_T2D_Child_SexStratified_CGL2226FAST_CplusT","MAG03WHOC","Perceptual.reasoning.composite.score_z","pnde",-3.78724490324439,-0.00485169696627379,-4.93023872697138,-1.01031075789127
"PRS_T2D_Child_SexStratified_CGL2226FAST_CplusT","MAG03WHOC","Perceptual.reasoning.composite.score_z","tnie",0.791953673478589,0.334219883137363,-0.487697301758404,3.43223066732171
"PRS_T2D_Child_SexStratified_CGL2226FAST_CplusT","MAG03WHOC","Perceptual.reasoning.composite.score_z","tnde",-3.51978137327919,0.00470744926869383,-4.65223001938814,-0.732302050308032
"PRS_T2D_Child_SexStratified_CGL2226FAST_CplusT","MAG03WHOC","Perceptual.reasoning.composite.score_z","pnie",0.119394369601073,0.737478226595273,-1.09625632133666,2.82367164774344
"PRS_T2D_Child_SexStratified_CGL2226FAST_CplusT","MAG03WHOC","Perceptual.reasoning.composite.score_z","te",-3.75545533638112,-0.00842885453732225,-4.53124113422422,-0.611313165144111
"PRS_T2D_Child_SexStratified_CBH2226HOIR_CplusT","MEP03ISC_z","Perceptual.reasoning.composite.score_z","cde",-2.81016991645775,0.0165000071475644,-3.65604315030539,0.263884818774718
"PRS_T2D_Child_SexStratified_CBH2226HOIR_CplusT","MEP03ISC_z","Perceptual.reasoning.composite.score_z","pnde",-2.78700162998846,0.0210967226149369,-3.66745144585997,0.252476523220132
"PRS_T2D_Child_SexStratified_CBH2226HOIR_CplusT","MEP03ISC_z","Perceptual.reasoning.composite.score_z","tnie",-0.248291386308102,0.957581642660192,-1.38944909046617,2.53047887861393
"PRS_T2D_Child_SexStratified_CBH2226HOIR_CplusT","MEP03ISC_z","Perceptual.reasoning.composite.score_z","tnde",-2.75740506049643,0.0226568560241245,-3.90781320552211,0.0121147635579884
"PRS_T2D_Child_SexStratified_CBH2226HOIR_CplusT","MEP03ISC_z","Perceptual.reasoning.composite.score_z","pnie",0.0240815269627656,0.952835686842962,-1.34759429253046,2.57233367654966
"PRS_T2D_Child_SexStratified_CBH2226HOIR_CplusT","MEP03ISC_z","Perceptual.reasoning.composite.score_z","te",-2.2904464813159,0.0177511632187926,-3.5468808390264,0.373047130053704
"PRS_T2D_Child_SexStratified_CGL2226FAST_CplusT","MEP03ISC_z","Perceptual.reasoning.composite.score_z","cde",-3.58624570240055,0.0057332161975581,-5.09936158991612,-1.17943362083601
"PRS_T2D_Child_SexStratified_CGL2226FAST_CplusT","MEP03ISC_z","Perceptual.reasoning.composite.score_z","pnde",-3.45962935033452,0.00552758136516089,-5.06008107143126,-1.14015310235116
"PRS_T2D_Child_SexStratified_CGL2226FAST_CplusT","MEP03ISC_z","Perceptual.reasoning.composite.score_z","tnie",0.0119673715207821,0.713926869104003,-1.98831123687247,1.93161673220764
"PRS_T2D_Child_SexStratified_CGL2226FAST_CplusT","MEP03ISC_z","Perceptual.reasoning.composite.score_z","tnde",-3.46120889156052,0.00776425858488966,-4.76125470463053,-0.841326735550415
"PRS_T2D_Child_SexStratified_CGL2226FAST_CplusT","MEP03ISC_z","Perceptual.reasoning.composite.score_z","pnie",-0.0756752656979892,0.711344739823515,-1.65040842064804,2.26951954843206
"PRS_T2D_Child_SexStratified_CGL2226FAST_CplusT","MEP03ISC_z","Perceptual.reasoning.composite.score_z","te",-3.65716020502139,-0.00425620689139012,-4.73294441046588,-0.813016441385763
"PRS_T2D_Child_SexStratified_CBH2226HOIR_CplusT","MGD05GWTP_z","Perceptual.reasoning.composite.score_z","cde",-2.35698243358535,0.00302764875895751,-4.06095080902636,-0.141022839946252
"PRS_T2D_Child_SexStratified_CBH2226HOIR_CplusT","MGD05GWTP_z","Perceptual.reasoning.composite.score_z","pnde",-1.6608325317261,0.0370603395431844,-3.68692950877219,0.232998460307918
"PRS_T2D_Child_SexStratified_CBH2226HOIR_CplusT","MGD05GWTP_z","Perceptual.reasoning.composite.score_z","tnie",0.563710016957297,0.400119302760831,-0.475339346373959,3.44458862270614
"PRS_T2D_Child_SexStratified_CBH2226HOIR_CplusT","MGD05GWTP_z","Perceptual.reasoning.composite.score_z","tnde",-2.41215660175152,0.0224409824907891,-3.79303751787884,0.126890451201271
"PRS_T2D_Child_SexStratified_CBH2226HOIR_CplusT","MGD05GWTP_z","Perceptual.reasoning.composite.score_z","pnie",0.953116076254409,0.207928102160913,-0.0128655025346298,3.90706246654548
"PRS_T2D_Child_SexStratified_CBH2226HOIR_CplusT","MGD05GWTP_z","Perceptual.reasoning.composite.score_z","te",-2.49903809331949,0.0369560199783163,-3.68005536920455,0.239872599875553
"PRS_T2D_Child_SexStratified_CGL2226FAST_CplusT","MGD05GWTP_z","Perceptual.reasoning.composite.score_z","cde",-3.46901809451563,0.00925891237140475,-5.22067247461858,-1.30074450553848
"PRS_T2D_Child_SexStratified_CGL2226FAST_CplusT","MGD05GWTP_z","Perceptual.reasoning.composite.score_z","pnde",-3.34006830260351,0.011288056368441,-4.60910358874259,-0.689175619662477
"PRS_T2D_Child_SexStratified_CGL2226FAST_CplusT","MGD05GWTP_z","Perceptual.reasoning.composite.score_z","tnie",0.301461017239869,0.590616501166747,-1.07080507217283,2.84912289690726
"PRS_T2D_Child_SexStratified_CGL2226FAST_CplusT","MGD05GWTP_z","Perceptual.reasoning.composite.score_z","tnde",-3.19070351636221,0.00201852407755079,-4.66731190796598,-0.747383938885876
"PRS_T2D_Child_SexStratified_CGL2226FAST_CplusT","MGD05GWTP_z","Perceptual.reasoning.composite.score_z","pnie",0.706037019473934,0.252062111441038,-0.242450394442191,3.67747757463793
"PRS_T2D_Child_SexStratified_CGL2226FAST_CplusT","MGD05GWTP_z","Perceptual.reasoning.composite.score_z","te",-3.18560908813585,-0.00799567418612251,-4.32777919604472,-0.407851226964608
"PRS_T2D_Child_SexStratified_CBH2226HOIR_CplusT","birthweight_z","Perceptual.reasoning.composite.score_z","cde",-2.44928865080452,0.0319487530709675,-3.82075984999695,0.099168119083159
"PRS_T2D_Child_SexStratified_CBH2226HOIR_CplusT","birthweight_z","Perceptual.reasoning.composite.score_z","pnde",-2.34478996621275,0.0279983049981538,-3.60706059921302,0.312867369867086
"PRS_T2D_Child_SexStratified_CBH2226HOIR_CplusT","birthweight_z","Perceptual.reasoning.composite.score_z","tnie",-0.310624030083467,0.866064413277014,-1.31808802823014,2.60183994084997
"PRS_T2D_Child_SexStratified_CBH2226HOIR_CplusT","birthweight_z","Perceptual.reasoning.composite.score_z","tnde",-1.96391761197557,0.0375425196789394,-3.26749634787228,0.65243162120783
"PRS_T2D_Child_SexStratified_CBH2226HOIR_CplusT","birthweight_z","Perceptual.reasoning.composite.score_z","pnie",-0.336767994264349,0.883545729450292,-1.58838420550858,2.33154376357154
"PRS_T2D_Child_SexStratified_CBH2226HOIR_CplusT","birthweight_z","Perceptual.reasoning.composite.score_z","te",-1.84713849535321,0.0423229933041883,-3.63295563721612,0.286972331863991
"PRS_T2D_Child_SexStratified_CGL2226FAST_CplusT","birthweight_z","Perceptual.reasoning.composite.score_z","cde",-3.82724096136603,-0.00791117863683988,-5.11873512410467,-1.19880715502456
"PRS_T2D_Child_SexStratified_CGL2226FAST_CplusT","birthweight_z","Perceptual.reasoning.composite.score_z","pnde",-2.93503586818017,-0.00804914694346751,-4.80094172336585,-0.881013754285737
"PRS_T2D_Child_SexStratified_CGL2226FAST_CplusT","birthweight_z","Perceptual.reasoning.composite.score_z","tnie",0.320479475892493,0.991086818628265,-1.45991990387903,2.46000806520107
"PRS_T2D_Child_SexStratified_CGL2226FAST_CplusT","birthweight_z","Perceptual.reasoning.composite.score_z","tnde",-3.06668791615233,-0.00528045970963749,-4.57134994639782,-0.651421977317719
"PRS_T2D_Child_SexStratified_CGL2226FAST_CplusT","birthweight_z","Perceptual.reasoning.composite.score_z","pnie",-0.922839707254609,0.494637004364323,-2.04186974629904,1.87805822278109
"PRS_T2D_Child_SexStratified_CGL2226FAST_CplusT","birthweight_z","Perceptual.reasoning.composite.score_z","te",-3.37860542354608,-0.00534895533040107,-4.99158017713484,-1.07165220805473
"PRS_T2D_Child_SexStratified_CBH2226HOIR_CplusT","dbp_pw26_z","Perceptual.reasoning.composite.score_z","cde",-2.81377388906216,0.00153042664833663,-4.11737673154522,-0.197448762465111
"PRS_T2D_Child_SexStratified_CBH2226HOIR_CplusT","dbp_pw26_z","Perceptual.reasoning.composite.score_z","pnde",-2.1835856739598,0.00362221343414181,-3.83901118466371,0.0809167844163997
"PRS_T2D_Child_SexStratified_CBH2226HOIR_CplusT","dbp_pw26_z","Perceptual.reasoning.composite.score_z","tnie",-0.658040367721425,0.870445926143352,-1.64264515641814,2.27728281266197
"PRS_T2D_Child_SexStratified_CBH2226HOIR_CplusT","dbp_pw26_z","Perceptual.reasoning.composite.score_z","tnde",-2.99533528653375,0.00199056883075454,-3.95854953214401,-0.0386215630639054
"PRS_T2D_Child_SexStratified_CBH2226HOIR_CplusT","dbp_pw26_z","Perceptual.reasoning.composite.score_z","pnie",-0.0473618363811525,0.948697278187445,-1.49498036219108,2.42494760688902
"PRS_T2D_Child_SexStratified_CBH2226HOIR_CplusT","dbp_pw26_z","Perceptual.reasoning.composite.score_z","te",-2.27635537823327,0.0195494350316743,-4.04533782485475,-0.12540985577465
"PRS_T2D_Child_SexStratified_CGL2226FAST_CplusT","dbp_pw26_z","Perceptual.reasoning.composite.score_z","cde",-3.88784129350286,0.00964489358555049,-4.91472383578552,-0.994795866705412
"PRS_T2D_Child_SexStratified_CGL2226FAST_CplusT","dbp_pw26_z","Perceptual.reasoning.composite.score_z","pnde",-3.65121246633202,-0.00527085275621903,-4.98035309873077,-1.06042512965066
"PRS_T2D_Child_SexStratified_CGL2226FAST_CplusT","dbp_pw26_z","Perceptual.reasoning.composite.score_z","tnie",-0.385525496268043,0.987191232106191,-1.39980710197306,2.52012086710705
"PRS_T2D_Child_SexStratified_CGL2226FAST_CplusT","dbp_pw26_z","Perceptual.reasoning.composite.score_z","tnde",-3.39638286582331,-0.000759495394131182,-5.02568756913376,-1.10575960005365
"PRS_T2D_Child_SexStratified_CGL2226FAST_CplusT","dbp_pw26_z","Perceptual.reasoning.composite.score_z","pnie",0.193585741041516,0.54577792658407,-1.03466423966274,2.88526372941738
"PRS_T2D_Child_SexStratified_CGL2226FAST_CplusT","dbp_pw26_z","Perceptual.reasoning.composite.score_z","te",-3.59302314491399,-0.00486354477779479,-5.04433416752472,-1.12440619844462
"PRS_T2D_Child_SexStratified_CBH2226HOIR_CplusT","sbp_pw26_z","Perceptual.reasoning.composite.score_z","cde",-2.19402214341585,0.0039186553846839,-3.95895950813039,-0.0390315390502806
"PRS_T2D_Child_SexStratified_CBH2226HOIR_CplusT","sbp_pw26_z","Perceptual.reasoning.composite.score_z","pnde",-2.9728293006436,0.00630224284224023,-4.00950308267312,-0.0895751135930102
"PRS_T2D_Child_SexStratified_CBH2226HOIR_CplusT","sbp_pw26_z","Perceptual.reasoning.composite.score_z","tnie",-0.329213479975314,0.613117860228608,-1.73039417314196,2.18953379593814
"PRS_T2D_Child_SexStratified_CBH2226HOIR_CplusT","sbp_pw26_z","Perceptual.reasoning.composite.score_z","tnde",-2.40402890355305,0.0231795327959689,-4.10053093133878,-0.180602962258669
"PRS_T2D_Child_SexStratified_CBH2226HOIR_CplusT","sbp_pw26_z","Perceptual.reasoning.composite.score_z","pnie",-0.382348841293789,0.503136172177488,-2.10894772630597,1.81098024277414
"PRS_T2D_Child_SexStratified_CBH2226HOIR_CplusT","sbp_pw26_z","Perceptual.reasoning.composite.score_z","te",-2.21883753981059,0.00377078682211194,-3.88008665830385,0.0398413107762545
"PRS_T2D_Child_SexStratified_CGL2226FAST_CplusT","sbp_pw26_z","Perceptual.reasoning.composite.score_z","cde",-3.66056083021023,-0.000446600394391421,-4.89510479876979,-0.97517682968968
"PRS_T2D_Child_SexStratified_CGL2226FAST_CplusT","sbp_pw26_z","Perceptual.reasoning.composite.score_z","pnde",-3.61285359862944,-0.00501111135124463,-4.84175111825735,-0.921823149177242
"PRS_T2D_Child_SexStratified_CGL2226FAST_CplusT","sbp_pw26_z","Perceptual.reasoning.composite.score_z","tnie",-0.494134141140327,0.770301221692537,-1.88643583969029,2.03349212938981
"PRS_T2D_Child_SexStratified_CGL2226FAST_CplusT","sbp_pw26_z","Perceptual.reasoning.composite.score_z","tnde",-3.70179287123034,0.00922639541533068,-5.1372335339984,-1.21730556491829
"PRS_T2D_Child_SexStratified_CGL2226FAST_CplusT","sbp_pw26_z","Perceptual.reasoning.composite.score_z","pnie",0.501823020700399,0.87732874211548,-1.20350087332754,2.71642709575256
"PRS_T2D_Child_SexStratified_CGL2226FAST_CplusT","sbp_pw26_z","Perceptual.reasoning.composite.score_z","te",-4.00013766836387,-0.00289521880039212,-4.89745065245263,-0.977522683372525
